{"negative_rate": 10, "in_dim": 100, "out_dim": 100, "dataset": "FB15K237", "batch_size": 10000, "sampling_mode": "cross", "n_heads": 1, "n_layers": 1, "opt_method": "ranger", "lrs": [[0.001, 100], [1e-05, 200]], "result": [0.042259976267814636, 6147.2080078125, 0.08025506138801575, 0.04766441881656647, 0.025139255449175835]}