{"negative_rate": 10, "in_dim": 500, "out_dim": 500, "dataset": "WN18", "batch_size": 10000, "sampling_mode": "cross", "n_heads": 1, "n_layers": 1, "opt_method": "adam", "lrs": [[0.002, 100], [0.0002, 100], [2e-05, 200]], "result": [0.3932027816772461, 1389.41357421875, 0.5255000591278076, 0.4449000060558319, 0.31769999861717224]}