{
    "negative_rate": 10,
    "in_dim": 500,
    "out_dim": 500,
    "dataset": "FB15K237",
    "batch_size": 10000,
    "sampling_mode": "cross",
    "n_heads": 1,
    "n_layers": 1,
    "opt_method": "adam",
    "lrs": [
        [
            0.002,
            100
        ],
        [
            0.0002,
            100
        ],
        [
            2e-05,
            100
        ]
    ],
    "result": [
        0.25381940603256226,
        253.77902221679688,
        0.4304700493812561,
        0.28608423471450806,
        0.1631242036819458
    ]
}