{"negative_rate": 10, "in_dim": 100, "out_dim": 100, "dataset": "FB15K237", "batch_size": 10000, "sampling_mode": "cross", "n_heads": 1, "n_layers": 1, "opt_method": "adam", "lrs": [[2e-05, 1000]], "result": [0.21033570170402527, 314.00933837890625, 0.3809244632720947, 0.2295025885105133, 0.12853024899959564]}