{"negative_rate": 10, "in_dim": 100, "out_dim": 100, "dataset": "FB15K237", "batch_size": 10000, "sampling_mode": "cross", "n_heads": 1, "n_layers": 1, "opt_method": "adam", "lrs": [[0.002, 50], [0.0002, 100], [2e-05, 500]], "result": [0.26199737191200256, 264.1148986816406, 0.44510406255722046, 0.297346830368042, 0.16932961344718933]}