{
    "negative_rate": 10,
    "in_dim": 100,
    "out_dim": 100,
    "dataset": "WN18RR",
    "batch_size": 10000,
    "sampling_mode": "cross",
    "n_heads": 1,
    "n_layers": 1,
    "opt_method": "adam",
    "scatter": false,
    "lrs": [
        [
            0.002,
            200
        ],
        [
            0.0002,
            200
        ],
        [
            2e-05,
            500
        ]
    ],
    "result": [
        0.19339415431022644,
        4845.26416015625,
        0.23707720637321472,
        0.20628589391708374,
        0.1654435098171234
    ]
}