{
    "negative_rate": 50,
    "in_dim": 100,
    "out_dim": 100,
    "dataset": "WN18RR",
    "batch_size": 10000,
    "sampling_mode": "cross",
    "n_heads": 1,
    "n_layers": 1,
    "opt_method": "adam",
    "scatter": false,
    "lrs": [
        [
            0.002,
            200
        ],
        [
            0.0002,
            200
        ],
        [
            2e-05,
            200
        ]
    ],
    "result": [
        0.19667589664459229,
        5248.25048828125,
        0.2380344569683075,
        0.20644544064998627,
        0.16991065442562103
    ]
}