{"negative_rate": 10, "in_dim": 100, "out_dim": 100, "dataset": "FB15K237", "batch_size": 10000, "sampling_mode": "cross", "n_heads": 1, "n_layers": 1, "opt_method": "adam", "scatter": true, "lrs": [[0.002, 100], [0.0002, 500]], "result": [0.1708698570728302, 420.286865234375, 0.34017395973205566, 0.19488419592380524, 0.08614286780357361], "loss": "margin"}