{"negative_rate": 10, "in_dim": 500, "out_dim": 500, "dataset": "WN18RR", "batch_size": 10000, "sampling_mode": "cross", "n_heads": 1, "n_layers": 1, "opt_method": "adam", "lrs": [[2e-05, 1000]], "result": [0.11985291540622711, 4999.0615234375, 0.23021697998046875, 0.1654435247182846, 0.05280791223049164]}