{"negative_rate": 10, "in_dim": 100, "out_dim": 100, "dataset": "FB15K237", "batch_size": 10000, "sampling_mode": "cross", "n_heads": 5, "n_layers": 2, "opt_method": "adam", "scatter": true, "lrs": [[0.002, 100], [0.0002, 500]], "result": [0.17850211262702942, 824.808837890625, 0.34447377920150757, 0.19747385382652283, 0.09884686768054962], "loss": "margin"}