{"negative_rate": 100, "in_dim": 100, "out_dim": 100, "dataset": "FB15K237", "batch_size": 10000, "sampling_mode": "cross", "n_heads": 1, "n_layers": 1, "opt_method": "adam", "scatter": true, "lrs": [[0.002, 100], [0.0002, 500]], "result": [0.26060301065444946, 278.8149108886719, 0.4604954719543457, 0.29837292432785034, 0.16138961911201477], "loss": "margin"}