{
    "negative_rate": 30,
    "in_dim": 100,
    "out_dim": 100,
    "dataset": "WN18RR",
    "batch_size": 10000,
    "sampling_mode": "cross",
    "n_heads": 1,
    "n_layers": 1,
    "opt_method": "adam",
    "scatter": true,
    "lrs": [
        [
            2e-05,
            100
        ]
    ],
    "result": [
        0.08069935441017151,
        14448.2080078125,
        0.08503510057926178,
        0.08088704943656921,
        0.0775366947054863
    ]
}