{
    "negative_rate": 10,
    "in_dim": 500,
    "out_dim": 500,
    "dataset": "WN18RR",
    "batch_size": 10000,
    "sampling_mode": "cross",
    "n_heads": 1,
    "n_layers": 1,
    "opt_method": "adam",
    "lrs": [
        [
            2e-05,
            1000
        ]
    ],
    "result": [
        0.11750490218400955,
        4933.19677734375,
        0.23005743324756622,
        0.16847479343414307,
        0.04594767093658447
    ]
}