{
    "negative_rate": 50,
    "in_dim": 100,
    "out_dim": 100,
    "dataset": "WN18",
    "batch_size": 10000,
    "sampling_mode": "cross",
    "n_heads": 1,
    "n_layers": 1,
    "opt_method": "adam",
    "lrs": [
        [
            2e-05,
            200
        ],
        [
            0.0002,
            200
        ]
    ],
    "result": [
        0.06614253669977188,
        3916.48974609375,
        0.10770000517368317,
        0.06700000166893005,
        0.04399999976158142
    ]
}