{
    "negative_rate": 10,
    "in_dim": 100,
    "out_dim": 100,
    "dataset": "FB15K",
    "batch_size": 20000,
    "sampling_mode": "cross",
    "n_heads": 1,
    "n_layers": 1,
    "opt_method": "adam",
    "lrs": [
        [
            0.0002,
            200
        ],
        [
            2e-05,
            200
        ]
    ],
    "result": [
        0.35346269607543945,
        108.34535217285156,
        0.5687223672866821,
        0.4045639932155609,
        0.24102351069450378
    ]
}