{
    "negative_rate": 10,
    "in_dim": 100,
    "out_dim": 100,
    "dataset": "WN18RR",
    "batch_size": 20000,
    "sampling_mode": "cross",
    "n_heads": 1,
    "n_layers": 1,
    "opt_method": "adam",
    "lrs": [
        [
            0.0002,
            200
        ],
        [
            2e-05,
            400
        ]
    ],
    "result": [
        0.13387423753738403,
        5417.169921875,
        0.19639438390731812,
        0.14948946237564087,
        0.10003191232681274
    ]
}